insert into db_example.user (user_no, email, id, join_date, password, phone_no, user_rank, username) values (1, 'johnsmith@example.com', 1001, '2023-12-25', '$2a$10$AhsQP/JyX/AGZ7XxKWiXie7E1ydo6k8pYowgl680cW0vaadfAfr7e', 5551234567, 0, 'johnsmith');
insert into db_example.user (user_no, email, id, join_date, password, phone_no, user_rank, username) values (2, 'sarahjones@example.com', 1002, '2023-12-25', '$2a$10$9oxNnfQfQiRlJRGV1uwZ6O67uaDQn.eNppPxJyXzh95zMq3iDO1xO', 5559876543, 0, 'sarahjones');
insert into db_example.user (user_no, email, id, join_date, password, phone_no, user_rank, username) values (3, 'bobsmith@example.com', 1003, '2023-12-25', '$2a$10$LsQVfRUhAIKtGzbDqv/c6.yPlrZXTVETfmBHPc9wYHafCdqZZ.5XO', 5555555555, 0, 'bobsmith');
insert into db_example.user (user_no, email, id, join_date, password, phone_no, user_rank, username) values (4, 'jessicasmith@example.com', 1004, '2023-12-25', '$2a$10$Ze9SGl91F7JAaqUZCbJIxeK5aiNc2tle51gLneLG0InleKKiSwE6i', 5551112222, 0, 'jessicasmith');
insert into db_example.user (user_no, email, id, join_date, password, phone_no, user_rank, username) values (5, 'mikejones@example.com', 1005, '2023-12-25', '$2a$10$y54R/9oZbjE0WUHloN4OseW/BUbvmNvyoZU673EggNxlNDWF.ZgbW', 5552223333, 0, 'mikejones');
insert into db_example.user (user_no, email, id, join_date, password, phone_no, user_rank, username) values (6, 'amyjackson@example.com', 1006, '2023-12-25', '$2a$10$dOvOSFFgt/BXxjUgJ1duhODj4KWD3cJMls/OI0ZqMJwmGjkCNrkDe', 5558889999, 0, 'amyjackson');
insert into db_example.user (user_no, email, id, join_date, password, phone_no, user_rank, username) values (7, 'davidsmith@example.com', 1007, '2023-12-25', '$2a$10$jHzM5chkyZFmnVLO2YkTyux.yK8fTKjW8rFt2dAkm/.9ial.NhSuu', 5554445555, 0, 'davidsmith');
insert into db_example.user (user_no, email, id, join_date, password, phone_no, user_rank, username) values (8, 'lindajones@example.com', 1008, '2023-12-25', '$2a$10$5cw5hEMdB262t6I0B5dTXe53P5C5TxyabC1yubnZh4WMy2u/0unUO', 5553332222, 0, 'lindajones');
insert into db_example.user (user_no, email, id, join_date, password, phone_no, user_rank, username) values (9, 'chrismiller@example.com', 1009, '2023-12-25', '$2a$10$ptq6X81vO9eIgvOTdkxv4OU4.3x9z/ekvKr1xE8ejZJWe0jPnFh2S', 5556667777, 0, 'chrismiller');
insert into db_example.user (user_no, email, id, join_date, password, phone_no, user_rank, username) values (10, 'katiebrown@example.com', 1010, '2023-12-25', '$2a$10$ZeQ4DtHNvwsJNPVJpEo.W.fbhPUkRstrgWDcdDiL1Tfb0eePYqyzu', 5551113333, 0, 'katiebrown');
insert into db_example.user (user_no, email, id, join_date, password, phone_no, user_rank, username) values (11, 'marksmith@example.com', 1011, '2023-12-25', '$2a$10$3pTrqDqVtvW37ZhfQW.Xaek4/.hjuGDFil5f2yGc.pXUyrhk4jPTy', 5554443333, 0, 'marksmith');
insert into db_example.user (user_no, email, id, join_date, password, phone_no, user_rank, username) values (12, 'juliejones@example.com', 1012, '2023-12-25', '$2a$10$tgZ1tts7TGqhi9UzZiwO7eiTrqkH92hGwaDWDrV5ymLX0eiXvEWEO', 5551231234, 0, 'juliejones');
insert into db_example.user (user_no, email, id, join_date, password, phone_no, user_rank, username) values (13, 'ericmiller@example.com', 1013, '2023-12-25', '$2a$10$9NMYDAaHY8b8I1w/u7oMc.mNrlgGKNIPhUoxxCl5e882.PG2rufBu', 5555555555, 0, 'ericmiller');
insert into db_example.user (user_no, email, id, join_date, password, phone_no, user_rank, username) values (14, 'kellyjackson@example.com', 1014, '2023-12-25', '$2a$10$gyFcvo2KRL22jLu.lzw51Ot83hzKQgfNDKr3pMoB2TXP3/EXKHwXO', 5558887777, 0, 'kellyjackson');
insert into db_example.user (user_no, email, id, join_date, password, phone_no, user_rank, username) values (15, 'ryansmith@example.com', 1015, '2023-12-25', '$2a$10$BQBO0rEMziO5uzLqvslrreDyDOf3jNuMQ9G8/.oVY0jitm0VTB0du', 5553332222, 0, 'ryansmith');
insert into db_example.user (user_no, email, id, join_date, password, phone_no, user_rank, username) values (16, 'laurajones@example.com', 1016, '2023-12-25', '$2a$10$45UPxY2aOCLA5UB.ZOZgu.GqoJA0LrFwW/s1liRWCXonexpbmj9AK', 5556664444, 0, 'laurajones');
insert into db_example.user (user_no, email, id, join_date, password, phone_no, user_rank, username) values (17, 'andrewbrown@example.com', 1017, '2023-12-25', '$2a$10$KUfeMBDfNsjlrgAlcBGj8.BqoaKAmzAqcbFxrOkjQI9UO0LTx0LTC', 5551112222, 0, 'andrewbrown');
insert into db_example.user (user_no, email, id, join_date, password, phone_no, user_rank, username) values (18, 'chloesmith@example.com', 1018, '2023-12-25', '$2a$10$bOyY1ST3.k9T47ka4Tb3me84fPeBRP8ZCHrkvKCnDZhvOXSftSoPa', 5554445555, 0, 'chloesmith');
insert into db_example.user (user_no, email, id, join_date, password, phone_no, user_rank, username) values (19, 'tommiller@example.com', 1019, '2023-12-25', '$2a$10$JnFzIrJ525teG1jnof08PemsBMkm2GAmqNUOmHuvU/1HD8WNhSF6u', 5553333333, 0, 'tommiller');
insert into db_example.user (user_no, email, id, join_date, password, phone_no, user_rank, username) values (20, 'jennyjones@example.com', 1020, '2023-12-25', '$2a$10$h13I2.LCbSRfX0LGX12.2.IShY5EUGITAnbmzoubqppTqJ4/PjxkO', 5552221111, 0, 'jennyjones');
insert into db_example.user (user_no, email, id, join_date, password, phone_no, user_rank, username) values (21, 'admin@gmail.com', 1021, '2023-12-25', '$2a$10$h13I2.LCbSRfX0LGX12.2.IShY5EUGITAnbmzoubqppTqJ4/PjxkO', 123123123123, 0, 'admin');

insert into db_example.role (id, role_name) VALUES (0, 'USER');
insert into db_example.role (id, role_name) VALUES (0, 'ADMIN');

insert into db_example.user_roles (user_no, role_id) values (1, 1);
insert into db_example.user_roles (user_no, role_id) values (2, 1);
insert into db_example.user_roles (user_no, role_id) values (3, 1);
insert into db_example.user_roles (user_no, role_id) values (4, 1);
insert into db_example.user_roles (user_no, role_id) values (5, 1);
insert into db_example.user_roles (user_no, role_id) values (6, 1);
insert into db_example.user_roles (user_no, role_id) values (7, 1);
insert into db_example.user_roles (user_no, role_id) values (8, 1);
insert into db_example.user_roles (user_no, role_id) values (9, 1);
insert into db_example.user_roles (user_no, role_id) values (10, 1);
insert into db_example.user_roles (user_no, role_id) values (11, 1);
insert into db_example.user_roles (user_no, role_id) values (12, 1);
insert into db_example.user_roles (user_no, role_id) values (13, 1);
insert into db_example.user_roles (user_no, role_id) values (14, 1);
insert into db_example.user_roles (user_no, role_id) values (15, 1);
insert into db_example.user_roles (user_no, role_id) values (16, 1);
insert into db_example.user_roles (user_no, role_id) values (17, 1);
insert into db_example.user_roles (user_no, role_id) values (18, 1);
insert into db_example.user_roles (user_no, role_id) values (19, 1);
insert into db_example.user_roles (user_no, role_id) values (20, 1);
insert into db_example.user_roles (user_no, role_id) values (21, 1);
insert into db_example.user_roles (user_no, role_id) values (21, 2);

